Customer_ID,Customer_Total_Revenue,Customer_Total_Orders,Repeat_Customer
FC00001,31301.89,3,Yes
FC00002,8684.21,2,Yes
FC00003,48116.94,4,Yes
FC00004,30293.55,4,Yes
FC00005,94135.16,3,Yes
FC00006,35600.13,2,Yes
FC00007,107611.64,6,Yes
FC00009,7472.61,1,No
FC00010,20164.44,1,No
FC00011,15878.03,2,Yes
FC00012,33271.89,5,Yes
FC00013,30173.03,4,Yes
FC00014,47367.78,5,Yes
FC00015,86658.69,6,Yes
FC00016,8541.16,2,Yes
FC00017,79768.95999999999,6,Yes
FC00018,109676.42,7,Yes
FC00019,83575.88,4,Yes
FC00020,44697.020000000004,5,Yes
FC00021,134506.13,7,Yes
FC00022,80510.22,2,Yes
FC00023,43305.02,4,Yes
FC00024,23137.84,4,Yes
FC00025,40339.3,5,Yes
FC00026,15220.8,3,Yes
FC00027,46352.67,3,Yes
FC00028,45441.619999999995,4,Yes
FC00029,52162.729999999996,4,Yes
FC00030,51455.009999999995,3,Yes
FC00031,13186.07,2,Yes
FC00032,165780.92,7,Yes
FC00033,12646.62,1,No
FC00034,34024.97,2,Yes
FC00035,93627.05,6,Yes
FC00036,43376.56,3,Yes
FC00037,154355.47,9,Yes
FC00038,86927.37,3,Yes
FC00039,28270.600000000002,2,Yes
FC00040,38465.19,2,Yes
FC00041,4708.83,1,No
FC00042,34245.83,2,Yes
FC00043,66909.93,2,Yes
FC00044,81647.56,4,Yes
FC00045,36386.04,3,Yes
FC00046,37954.59,2,Yes
FC00047,101864.07,6,Yes
FC00048,13598.64,2,Yes
FC00049,83355.86,6,Yes
FC00050,75096.76,5,Yes
FC00051,11530.74,1,No
FC00052,28720.29,3,Yes
FC00053,66195.95999999999,3,Yes
FC00054,8071.79,3,Yes
FC00055,81830.6,5,Yes
FC00056,4682.55,1,No
FC00057,69191.6,6,Yes
FC00058,7550.9,4,Yes
FC00059,112054.85,7,Yes
FC00060,76168.95999999999,6,Yes
FC00061,78507.19,5,Yes
FC00062,142094.11,8,Yes
FC00063,43286.83,3,Yes
FC00064,73101.3,5,Yes
FC00065,27539.53,3,Yes
FC00066,20512.66,2,Yes
FC00067,47731.43,4,Yes
FC00068,9105.28,1,No
FC00069,31029.17,5,Yes
FC00070,13886.66,2,Yes
FC00071,28874.95,1,No
FC00072,74341.14000000001,3,Yes
FC00073,40223.91,2,Yes
FC00074,103987.29000000001,9,Yes
FC00075,13783.95,3,Yes
FC00076,53364.06,4,Yes
FC00077,8585.87,1,No
FC00078,23115.87,3,Yes
FC00079,85942.32,4,Yes
FC00080,46662.64,3,Yes
FC00081,40288.509999999995,3,Yes
FC00082,11050.07,2,Yes
FC00084,60716.009999999995,2,Yes
FC00085,50264.98,3,Yes
FC00086,66544.32,3,Yes
FC00087,52359.2,5,Yes
FC00088,23951.96,2,Yes
FC00089,59825.1,4,Yes
FC00090,80002.35,4,Yes
FC00091,87374.37,4,Yes
FC00092,93102.79000000001,7,Yes
FC00093,8582.57,1,No
FC00094,12512.09,5,Yes
FC00095,28154.26,2,Yes
FC00096,57243.99,5,Yes
FC00097,38919.05,2,Yes
FC00098,76248.91,6,Yes
FC00099,33183.49,4,Yes
FC00100,41835.05,4,Yes
FC00101,35422.6,3,Yes
FC00103,28017.879999999997,3,Yes
FC00104,21160.940000000002,3,Yes
FC00105,36802.85,4,Yes
FC00106,28385.3,3,Yes
FC00107,43814.77,2,Yes
FC00109,44977.68,2,Yes
FC00111,50697.47,5,Yes
FC00112,90163.6,7,Yes
FC00113,47613.66,4,Yes
FC00114,27471.6,2,Yes
FC00115,73078.68,5,Yes
FC00116,45640.24,3,Yes
FC00118,44838.26,2,Yes
FC00119,117868.29,7,Yes
FC00120,42563.36,4,Yes
FC00121,60401.270000000004,7,Yes
FC00122,52300.8,5,Yes
FC00123,3409.69,1,No
FC00124,11971.58,1,No
FC00125,28239.33,3,Yes
FC00126,46582.67,3,Yes
FC00127,2422.8,1,No
FC00128,68996.05,4,Yes
FC00129,37129.19,3,Yes
FC00130,2871.32,1,No
FC00131,30082.94,5,Yes
FC00132,94915.98000000001,7,Yes
FC00134,8630.57,2,Yes
FC00135,30410.870000000003,4,Yes
FC00136,143092.22,9,Yes
FC00137,83653.15,5,Yes
FC00138,31038.47,3,Yes
FC00139,53803.28999999999,4,Yes
FC00140,51853.479999999996,5,Yes
FC00141,36929.119999999995,3,Yes
FC00142,92424.72,6,Yes
FC00143,57248.509999999995,3,Yes
FC00144,32197.96,3,Yes
FC00145,29110.510000000002,2,Yes
FC00146,129187.16,5,Yes
FC00147,28096.84,1,No
FC00148,31351.65,4,Yes
FC00149,121504.53,8,Yes
FC00150,55330.5,5,Yes
FC00151,10648.150000000001,2,Yes
FC00152,43782.82,4,Yes
FC00153,56841.990000000005,3,Yes
FC00154,59321.090000000004,6,Yes
FC00155,32007.38,4,Yes
FC00156,27291.5,3,Yes
FC00157,23584.75,3,Yes
FC00158,16583.76,2,Yes
FC00159,100698.53,6,Yes
FC00160,45088.06,3,Yes
FC00161,12973.7,3,Yes
FC00162,29683.1,3,Yes
FC00163,10656.46,2,Yes
FC00164,61726.71,3,Yes
FC00165,45318.26,3,Yes
FC00166,22665.09,7,Yes
FC00167,50216.43,4,Yes
FC00168,41759.24,2,Yes
FC00169,128585.67,7,Yes
FC00170,38096.509999999995,2,Yes
FC00171,58401.67,5,Yes
FC00172,47478.46,6,Yes
FC00173,44580.979999999996,3,Yes
FC00174,115343.16,7,Yes
FC00175,24449.23,3,Yes
FC00176,71409.19,6,Yes
FC00177,82342.42,6,Yes
FC00178,41231.85,4,Yes
FC00179,146805.95,7,Yes
FC00180,49232.01,4,Yes
FC00181,43603.15,1,No
FC00182,27468.91,4,Yes
FC00183,60728.28,3,Yes
FC00184,81717.88,5,Yes
FC00185,7544.02,1,No
FC00186,36665.57,3,Yes
FC00187,37308.32,7,Yes
FC00188,9527.6,3,Yes
FC00189,20954.73,3,Yes
FC00190,30535.55,5,Yes
FC00191,41769.53,4,Yes
FC00192,6548.24,1,No
FC00193,46097.13,3,Yes
FC00194,33207.37,3,Yes
FC00195,20374.84,3,Yes
FC00196,117753.43,7,Yes
FC00197,28117.18,7,Yes
FC00198,105332.62,4,Yes
FC00199,74453.79999999999,4,Yes
FC00200,78884.06999999999,6,Yes
FC00201,31097.960000000003,3,Yes
FC00202,111221.66,6,Yes
FC00204,102978.31,4,Yes
FC00205,53340.229999999996,4,Yes
FC00206,56972.86,4,Yes
FC00207,65911.12,6,Yes
FC00208,105933.18,6,Yes
FC00209,101694.63,7,Yes
FC00210,41273.15,3,Yes
FC00211,49459.45,3,Yes
FC00212,86207.18000000001,6,Yes
FC00213,66573.28,4,Yes
FC00214,144991.11000000002,9,Yes
FC00215,11508.03,2,Yes
FC00216,27039.78,3,Yes
FC00217,31237.66,2,Yes
FC00218,83428.70999999999,6,Yes
FC00219,4531.14,1,No
FC00220,64490.55,6,Yes
FC00221,36885.08,2,Yes
FC00222,16043.26,2,Yes
FC00223,44886.91,2,Yes
FC00224,81244.35,5,Yes
FC00225,60904.22,5,Yes
FC00226,163996.54,11,Yes
FC00227,29979.0,5,Yes
FC00228,32966.94,4,Yes
FC00229,62277.71,7,Yes
FC00230,69815.22,3,Yes
FC00231,26631.89,5,Yes
FC00232,53384.61,3,Yes
FC00233,24241.589999999997,2,Yes
FC00234,15713.73,1,No
FC00235,18425.05,1,No
FC00236,18420.74,2,Yes
FC00237,65754.17,5,Yes
FC00238,53594.99,3,Yes
FC00239,39000.05,3,Yes
FC00240,18738.36,2,Yes
FC00241,74222.26999999999,5,Yes
FC00242,22780.85,1,No
FC00243,54384.89,5,Yes
FC00244,60991.31,6,Yes
FC00245,97177.76000000001,6,Yes
FC00246,24491.09,3,Yes
FC00247,112160.81,5,Yes
FC00248,64432.35,7,Yes
FC00249,149152.17,11,Yes
FC00250,67919.72,7,Yes
FC00251,37272.05,2,Yes
FC00252,10398.48,1,No
FC00253,6009.26,1,No
FC00254,8655.86,2,Yes
FC00255,39483.74,3,Yes
FC00256,21708.23,2,Yes
FC00257,23895.629999999997,2,Yes
FC00258,2440.62,1,No
FC00259,26239.27,3,Yes
FC00260,37201.4,5,Yes
FC00261,38268.28,5,Yes
FC00262,72300.31,5,Yes
FC00263,51679.47,5,Yes
FC00264,87682.28,7,Yes
FC00265,39002.4,3,Yes
FC00266,42958.2,1,No
FC00267,41682.86,5,Yes
FC00268,84809.92,4,Yes
FC00269,71161.59,5,Yes
FC00270,30586.09,2,Yes
FC00271,37283.17,3,Yes
FC00272,20637.420000000002,2,Yes
FC00273,77806.09,5,Yes
FC00274,8332.38,1,No
FC00275,33156.34,2,Yes
FC00276,38541.92,3,Yes
FC00277,16178.23,2,Yes
FC00278,38624.08,1,No
FC00279,19254.5,2,Yes
FC00280,17780.29,2,Yes
FC00282,41191.25,3,Yes
FC00283,31326.0,2,Yes
FC00284,2584.19,1,No
FC00285,59826.310000000005,6,Yes
FC00286,41799.32,5,Yes
FC00287,71934.48,3,Yes
FC00288,74501.73999999999,6,Yes
FC00289,35166.7,2,Yes
FC00290,40219.15,1,No
FC00291,41464.85,3,Yes
FC00292,47431.33,5,Yes
FC00293,74379.97,5,Yes
FC00294,77588.84,4,Yes
FC00295,11533.1,1,No
FC00296,7902.53,3,Yes
FC00297,29455.88,3,Yes
FC00298,58221.73,2,Yes
FC00299,75192.48000000001,6,Yes
FC00300,102355.78,5,Yes
FC00301,2318.63,1,No
FC00302,60145.619999999995,5,Yes
FC00303,54646.49,5,Yes
FC00305,77535.38,6,Yes
FC00306,19500.989999999998,2,Yes
FC00307,49426.7,6,Yes
FC00308,20538.29,2,Yes
FC00309,83878.5,8,Yes
FC00310,113549.65,7,Yes
FC00311,72562.28,5,Yes
FC00312,35274.47,3,Yes
FC00313,102933.59,5,Yes
FC00314,62144.399999999994,5,Yes
FC00315,67663.35,5,Yes
FC00317,50651.79,5,Yes
FC00318,26889.030000000002,3,Yes
FC00319,156204.15,10,Yes
FC00320,35224.98,3,Yes
FC00321,13491.74,3,Yes
FC00322,57115.07,4,Yes
FC00323,88024.17,4,Yes
FC00324,59281.37,6,Yes
FC00325,21652.34,4,Yes
FC00326,27943.019999999997,5,Yes
FC00327,37547.19,4,Yes
FC00328,42974.31,5,Yes
FC00329,32052.7,5,Yes
FC00330,6762.650000000001,3,Yes
FC00331,92977.11,6,Yes
FC00332,25788.35,2,Yes
FC00333,84733.72,5,Yes
FC00334,51459.189999999995,3,Yes
FC00335,80057.12,4,Yes
FC00336,45137.53,3,Yes
FC00337,48950.34,5,Yes
FC00338,7507.639999999999,2,Yes
FC00339,10833.87,3,Yes
FC00341,1052.85,1,No
FC00342,44757.97,4,Yes
FC00343,41653.22,3,Yes
FC00344,27629.260000000002,5,Yes
FC00345,30093.769999999997,2,Yes
FC00346,53686.39,6,Yes
FC00347,78489.68000000001,6,Yes
FC00348,27495.699999999997,3,Yes
FC00349,14150.470000000001,3,Yes
FC00350,117648.34,9,Yes
FC00351,30624.82,3,Yes
FC00352,45602.7,4,Yes
FC00353,72513.42,3,Yes
FC00354,21878.739999999998,3,Yes
FC00355,25592.25,4,Yes
FC00356,69005.87,4,Yes
FC00357,32650.75,2,Yes
FC00358,32390.96,6,Yes
FC00359,39349.67,3,Yes
FC00361,15707.11,4,Yes
FC00362,93997.56,6,Yes
FC00363,135095.76,7,Yes
FC00364,31852.68,2,Yes
FC00365,77758.37,5,Yes
FC00366,68141.46,4,Yes
FC00367,86584.22,5,Yes
FC00368,60018.51,5,Yes
FC00369,83037.0,5,Yes
FC00371,77551.48999999999,5,Yes
FC00372,4053.56,1,No
FC00373,30845.88,4,Yes
FC00374,34033.56,5,Yes
FC00375,48308.21,2,Yes
FC00376,15262.48,2,Yes
FC00377,39787.130000000005,4,Yes
FC00378,28239.609999999997,4,Yes
FC00379,56877.75,5,Yes
FC00380,19833.77,1,No
FC00381,39856.99,5,Yes
FC00382,58563.35,4,Yes
FC00383,137178.45,8,Yes
FC00384,32882.7,4,Yes
FC00385,24824.64,2,Yes
FC00386,39731.18,4,Yes
FC00387,7476.469999999999,2,Yes
FC00388,15297.24,3,Yes
FC00389,72135.08,5,Yes
FC00390,35329.28,1,No
FC00392,14697.22,1,No
FC00393,28681.75,4,Yes
FC00394,21450.29,2,Yes
FC00395,21406.17,2,Yes
FC00396,22551.73,4,Yes
FC00397,39174.45,8,Yes
FC00398,82884.23000000001,4,Yes
FC00399,57380.46000000001,3,Yes
FC00400,54173.79,5,Yes
FC00401,43008.22,2,Yes
FC00402,46469.99,3,Yes
FC00403,113565.81,6,Yes
FC00404,7057.58,1,No
FC00405,34392.16,3,Yes
FC00406,34447.33,4,Yes
FC00407,21252.28,3,Yes
FC00408,66471.72,5,Yes
FC00409,33994.43,3,Yes
FC00410,16542.91,1,No
FC00411,108316.62,6,Yes
FC00412,88734.9,5,Yes
FC00413,57578.04,4,Yes
FC00415,1059.62,1,No
FC00416,45363.04,4,Yes
FC00417,31284.03,2,Yes
FC00418,51227.270000000004,3,Yes
FC00419,67864.29000000001,4,Yes
FC00420,13518.48,4,Yes
FC00421,24472.7,5,Yes
FC00422,99802.57,6,Yes
FC00423,53629.4,4,Yes
FC00424,87993.25,6,Yes
FC00425,51545.93,4,Yes
FC00426,34006.71,2,Yes
FC00427,97319.46,6,Yes
FC00428,28958.68,2,Yes
FC00429,25733.98,3,Yes
FC00430,92539.83,5,Yes
FC00431,115980.76,4,Yes
FC00432,25864.55,3,Yes
FC00433,36410.15,2,Yes
FC00434,62720.31,5,Yes
FC00435,61959.4,4,Yes
FC00436,50257.68,4,Yes
FC00437,72861.23,4,Yes
FC00438,60064.350000000006,5,Yes
FC00439,109911.65,6,Yes
FC00440,31127.41,4,Yes
FC00441,67951.86,5,Yes
FC00442,62588.19,4,Yes
FC00443,91540.89,5,Yes
FC00444,66716.99,4,Yes
FC00445,25046.92,1,No
FC00446,67819.36,5,Yes
FC00447,2766.58,2,Yes
FC00448,5072.12,3,Yes
FC00449,28564.809999999998,2,Yes
FC00450,149007.97,10,Yes
FC00451,7649.03,1,No
FC00452,40714.99,3,Yes
FC00453,87276.19,6,Yes
FC00454,51504.57,5,Yes
FC00455,69081.2,6,Yes
FC00456,71193.69,6,Yes
FC00457,26727.550000000003,4,Yes
FC00458,14769.87,1,No
FC00459,16588.879999999997,3,Yes
FC00461,117926.17,8,Yes
FC00462,59332.689999999995,4,Yes
FC00463,31971.76,6,Yes
FC00464,117323.74,5,Yes
FC00465,41856.11,3,Yes
FC00466,43974.33,5,Yes
FC00467,37897.1,1,No
FC00468,24131.49,1,No
FC00469,85633.7,6,Yes
FC00470,24131.49,1,No
FC00471,57065.88,5,Yes
FC00472,37822.12,3,Yes
FC00473,66649.68,4,Yes
FC00474,71978.13,5,Yes
FC00475,56742.26,4,Yes
FC00476,5410.32,1,No
FC00477,95868.09,6,Yes
FC00478,35344.69,4,Yes
FC00479,31815.670000000002,4,Yes
FC00480,67373.28,5,Yes
FC00481,65967.04000000001,5,Yes
FC00482,14585.37,2,Yes
FC00483,24965.33,4,Yes
FC00484,70748.2,8,Yes
FC00485,38083.59,6,Yes
FC00486,26384.43,2,Yes
FC00487,326.85,1,No
FC00488,12599.779999999999,2,Yes
FC00489,69563.09,4,Yes
FC00490,34969.44,2,Yes
FC00491,71168.57,5,Yes
FC00492,38674.78,3,Yes
FC00493,19728.02,3,Yes
FC00494,50919.13,6,Yes
FC00495,128857.39,11,Yes
FC00496,615.14,1,No
FC00497,39751.2,2,Yes
FC00498,11487.64,1,No
FC00499,45844.65,3,Yes
FC00500,33464.09,4,Yes
FC00501,82408.98999999999,6,Yes
FC00502,796.03,1,No
FC00503,117811.11,8,Yes
FC00504,101166.41,6,Yes
FC00506,19278.0,1,No
FC00507,3618.45,1,No
FC00508,58838.89,4,Yes
FC00509,67120.86,6,Yes
FC00510,91044.01,4,Yes
FC00511,42040.33,3,Yes
FC00512,28057.010000000002,3,Yes
FC00514,45721.740000000005,2,Yes
FC00515,94509.65,6,Yes
FC00516,27706.53,2,Yes
FC00517,46626.899999999994,3,Yes
FC00518,64954.450000000004,4,Yes
FC00519,32604.14,3,Yes
FC00520,140447.36000000002,10,Yes
FC00521,61049.21,4,Yes
FC00522,34192.33,4,Yes
FC00523,65758.18,5,Yes
FC00524,24107.100000000002,3,Yes
FC00525,44087.630000000005,5,Yes
FC00526,68983.1,4,Yes
FC00527,35637.270000000004,2,Yes
FC00528,36365.44,3,Yes
FC00529,27387.49,5,Yes
FC00530,6864.53,1,No
FC00531,162628.5,9,Yes
FC00532,75296.66,8,Yes
FC00533,63853.52,5,Yes
FC00534,25841.42,2,Yes
FC00535,78241.14,4,Yes
FC00536,51120.48,3,Yes
FC00537,55696.08,5,Yes
FC00538,20001.2,2,Yes
FC00539,34777.2,2,Yes
FC00540,67477.36,4,Yes
FC00541,49422.89,3,Yes
FC00542,51780.39,2,Yes
FC00543,24462.55,4,Yes
FC00544,23727.9,5,Yes
FC00545,74588.47,7,Yes
FC00546,42171.93,4,Yes
FC00547,49392.659999999996,4,Yes
FC00548,37691.450000000004,3,Yes
FC00549,74489.56,6,Yes
FC00550,39856.59,4,Yes
FC00551,15829.2,3,Yes
FC00552,31006.94,3,Yes
FC00555,67942.23999999999,3,Yes
FC00556,63386.96,3,Yes
FC00557,47151.74,5,Yes
FC00558,11569.85,1,No
FC00559,17942.25,4,Yes
FC00560,14144.34,2,Yes
FC00561,118957.81999999999,7,Yes
FC00562,36604.23,2,Yes
FC00564,27229.93,2,Yes
FC00565,19460.43,2,Yes
FC00566,12935.380000000001,2,Yes
FC00567,28527.269999999997,3,Yes
FC00568,77215.69,4,Yes
FC00569,144998.02000000002,9,Yes
FC00570,69847.19,5,Yes
FC00571,13990.3,3,Yes
FC00572,68783.45,6,Yes
FC00573,86345.48000000001,6,Yes
FC00574,45701.03,4,Yes
FC00575,38531.17,4,Yes
FC00576,46569.19,4,Yes
FC00578,37818.38,2,Yes
FC00579,52794.24,4,Yes
FC00580,45904.57,3,Yes
FC00581,19395.6,5,Yes
FC00582,42929.6,4,Yes
FC00583,38554.9,4,Yes
FC00584,161002.29,6,Yes
FC00585,53848.11,5,Yes
FC00586,125701.38,6,Yes
FC00587,47424.87,4,Yes
FC00588,36594.69,2,Yes
FC00589,30973.109999999997,3,Yes
FC00590,59842.59,4,Yes
FC00592,116854.67000000001,7,Yes
FC00593,53358.86,5,Yes
FC00594,44824.729999999996,3,Yes
FC00595,106661.87,7,Yes
FC00596,29152.28,3,Yes
FC00597,29625.0,4,Yes
FC00598,11816.529999999999,2,Yes
FC00599,92342.53,5,Yes
FC00600,100256.15,6,Yes
FC00601,47296.92,4,Yes
FC00602,40227.96,4,Yes
FC00603,6778.32,1,No
FC00604,22532.73,2,Yes
FC00605,63163.700000000004,6,Yes
FC00606,86206.8,4,Yes
FC00607,67795.31,4,Yes
FC00608,45236.38,4,Yes
FC00609,57814.15,3,Yes
FC00610,44362.479999999996,4,Yes
FC00611,85737.19,5,Yes
FC00612,56693.47,6,Yes
FC00613,108586.73,7,Yes
FC00614,40492.6,3,Yes
FC00615,5646.06,1,No
FC00616,28627.379999999997,4,Yes
FC00617,50350.77,3,Yes
FC00618,70024.82,6,Yes
FC00619,42448.18,4,Yes
FC00620,47697.22,2,Yes
FC00621,22054.1,4,Yes
FC00622,96097.46,7,Yes
FC00623,35577.92,3,Yes
FC00624,28120.980000000003,2,Yes
FC00625,121633.89,7,Yes
FC00626,62082.85,2,Yes
FC00627,50094.28999999999,4,Yes
FC00628,36209.04,2,Yes
FC00629,31888.89,3,Yes
FC00630,10264.77,3,Yes
FC00631,27061.88,2,Yes
FC00632,89289.36,5,Yes
FC00633,13929.01,1,No
FC00635,93188.28,8,Yes
FC00636,77180.19,6,Yes
FC00637,24357.67,3,Yes
FC00638,14008.380000000001,5,Yes
FC00639,95306.44,5,Yes
FC00640,109498.94,6,Yes
FC00641,87889.91,7,Yes
FC00642,93893.03,6,Yes
FC00643,51463.13,5,Yes
FC00644,44654.880000000005,4,Yes
FC00645,76837.6,4,Yes
FC00647,38727.83,4,Yes
FC00648,111557.12,7,Yes
FC00649,5072.1900000000005,2,Yes
FC00650,46738.23,3,Yes
FC00651,73104.9,6,Yes
FC00652,31845.440000000002,4,Yes
FC00653,121995.16,6,Yes
FC00654,112741.49,6,Yes
FC00655,30521.690000000002,3,Yes
FC00656,27253.89,3,Yes
FC00657,70908.44,5,Yes
FC00658,29270.949999999997,4,Yes
FC00659,57285.490000000005,5,Yes
FC00660,58340.56,4,Yes
FC00661,4510.08,1,No
FC00662,43419.66,3,Yes
FC00663,53083.46,5,Yes
FC00664,21241.85,5,Yes
FC00665,23060.41,4,Yes
FC00666,63687.67,4,Yes
FC00667,29907.0,5,Yes
FC00668,103124.74,5,Yes
FC00669,43208.29,5,Yes
FC00670,86032.8,5,Yes
FC00671,37058.229999999996,2,Yes
FC00672,25999.75,2,Yes
FC00673,23202.04,3,Yes
FC00674,24918.67,2,Yes
FC00675,60937.75,3,Yes
FC00676,24450.550000000003,2,Yes
FC00677,71462.72,6,Yes
FC00678,81783.04000000001,5,Yes
FC00679,13888.47,2,Yes
FC00680,73148.59,5,Yes
FC00681,49550.560000000005,3,Yes
FC00682,47175.770000000004,6,Yes
FC00683,66164.15,7,Yes
FC00684,45089.1,4,Yes
FC00685,61327.14,4,Yes
FC00686,55021.68,4,Yes
FC00687,50012.74,4,Yes
FC00688,22694.57,3,Yes
FC00689,71710.55,6,Yes
FC00691,45258.29,3,Yes
FC00692,6093.73,1,No
FC00693,99502.54000000001,4,Yes
FC00694,56627.34,4,Yes
FC00695,28949.65,3,Yes
FC00696,40625.41,3,Yes
FC00697,46870.53,3,Yes
FC00698,1838.52,1,No
FC00699,43994.020000000004,4,Yes
FC00700,32903.79,2,Yes
FC00701,41578.55,1,No
FC00702,72072.98,5,Yes
FC00703,66358.44,5,Yes
FC00704,84138.26,5,Yes
FC00705,16098.36,2,Yes
FC00706,41707.09,5,Yes
FC00707,67904.6,4,Yes
FC00708,7724.82,1,No
FC00709,96615.11,8,Yes
FC00710,7560.0,1,No
FC00711,23900.91,6,Yes
FC00712,57743.170000000006,4,Yes
FC00713,30573.18,2,Yes
FC00714,35985.56,1,No
FC00715,60934.76,3,Yes
FC00716,48206.34,4,Yes
FC00717,20794.46,2,Yes
FC00718,7467.69,3,Yes
FC00719,31595.96,4,Yes
FC00720,56086.28,4,Yes
FC00721,149811.09,8,Yes
FC00722,50439.55,5,Yes
FC00723,12678.96,2,Yes
FC00724,22731.17,3,Yes
FC00725,126864.51,9,Yes
FC00726,65720.52,6,Yes
FC00727,53623.29,6,Yes
FC00728,24433.690000000002,4,Yes
FC00729,57142.509999999995,3,Yes
FC00730,12297.54,3,Yes
FC00731,83906.13,8,Yes
FC00733,14581.07,2,Yes
FC00734,4003.59,1,No
FC00735,76365.76,4,Yes
FC00737,31608.489999999998,4,Yes
FC00738,65747.25,4,Yes
FC00739,107610.43,6,Yes
FC00740,94933.16,6,Yes
FC00741,28151.199999999997,3,Yes
FC00742,27834.34,3,Yes
FC00743,95422.59,6,Yes
FC00744,11679.36,1,No
FC00745,58488.87,4,Yes
FC00746,73613.57,4,Yes
FC00747,34205.65,3,Yes
FC00748,21908.41,1,No
FC00749,54410.950000000004,5,Yes
FC00750,58016.93,5,Yes
FC00751,76090.33,6,Yes
FC00752,37968.4,4,Yes
FC00753,74979.89,4,Yes
FC00755,79544.42,5,Yes
FC00756,70486.63,4,Yes
FC00757,14310.98,2,Yes
FC00758,18644.97,4,Yes
FC00759,52198.08,3,Yes
FC00760,13633.95,3,Yes
FC00761,22343.64,1,No
FC00762,21382.85,3,Yes
FC00763,15438.8,4,Yes
FC00764,7560.0,1,No
FC00765,69432.16,6,Yes
FC00766,5103.91,2,Yes
FC00767,142298.74,10,Yes
FC00768,43956.14,3,Yes
FC00769,29970.82,3,Yes
FC00770,61772.649999999994,5,Yes
FC00771,66127.9,4,Yes
FC00772,62202.18,7,Yes
FC00773,18514.08,3,Yes
FC00774,118604.86,8,Yes
FC00775,30745.550000000003,4,Yes
FC00776,59143.72,8,Yes
FC00777,84006.87,6,Yes
FC00778,115371.83,5,Yes
FC00779,30893.229999999996,2,Yes
FC00780,31836.64,2,Yes
FC00781,87115.56,5,Yes
FC00782,90481.11,5,Yes
FC00783,71527.63,6,Yes
FC00784,29641.07,3,Yes
FC00785,86009.37,5,Yes
FC00786,55200.590000000004,4,Yes
FC00787,17196.85,1,No
FC00788,54002.130000000005,3,Yes
FC00789,58714.009999999995,7,Yes
FC00790,6227.75,1,No
FC00791,28126.69,1,No
FC00793,64460.56,3,Yes
FC00794,68646.28,5,Yes
FC00795,10898.66,2,Yes
FC00796,23545.94,1,No
FC00797,54724.06,4,Yes
FC00798,87086.29,6,Yes
FC00799,37746.25,4,Yes
