Order_Month,Revenue
2024-01,1394164.52
2024-02,1095334.32
2024-03,1095738.55
2024-04,1358689.89
2024-05,1261239.84
2024-06,1235322.91
2024-07,1307707.52
2024-08,1170652.44
2024-09,1216566.62
2024-10,1098941.98
2024-11,1309678.65
2024-12,1080735.31
2025-01,1355894.81
2025-02,1151830.55
2025-03,1139858.01
2025-04,1496788.86
2025-05,973159.08
2025-06,1219368.09
2025-07,1383310.38
2025-08,1241878.73
2025-09,1344895.21
2025-10,1250068.63
2025-11,1226195.17
2025-12,1100282.52
2026-01,1159792.67
2026-02,1202420.61
2026-03,1099488.92
2026-04,1293103.35
2026-05,1202111.05
2026-06,1281746.56
2026-07,1136597.9
2026-08,1048424.31
