Customer_ID,Signup_Date,City,Age_Band,Gender,Acquisition_Channel,Loyalty_Tier
FC00001,2026-07-12,Bengaluru,25-34,Prefer not to say,Organic,Gold
FC00002,2023-10-21,Pune,25-34,Female,Referral,Gold
FC00003,2024-01-03,Mumbai,45-54,Male,Google Ads,Bronze
FC00004,2023-01-30,Noida,25-34,Female,Organic,Bronze
FC00005,2025-08-01,Pune,35-44,Female,Instagram,Gold
FC00006,2026-01-20,Delhi,35-44,Male,Organic,Bronze
FC00007,2023-03-08,Pune,25-34,Prefer not to say,Instagram,Silver
FC00008,2023-05-23,Jaipur,35-44,Female,Instagram,Silver
FC00009,2024-07-06,Pune,35-44,Male,Marketplace,Bronze
FC00010,2024-08-23,Gurugram,18-24,Male,Marketplace,Silver
FC00011,2023-09-23,Jaipur,18-24,Male,Organic,Gold
FC00012,2026-04-05,Delhi,25-34,Male,Instagram,Silver
FC00013,2023-01-24,Bengaluru,18-24,Prefer not to say,Marketplace,Silver
FC00014,2024-01-08,Noida,35-44,Prefer not to say,Google Ads,Gold
FC00015,2023-06-04,Gurugram,35-44,Prefer not to say,Instagram,Silver
FC00016,2024-07-04,Mumbai,55+,Female,Marketplace,Bronze
FC00017,2023-01-13,Chennai,18-24,Male,Referral,Gold
FC00018,2026-01-30,Jaipur,35-44,Female,Referral,Silver
FC00019,2025-01-22,Chennai,45-54,Female,Marketplace,Gold
FC00020,2024-07-06,Gurugram,35-44,Prefer not to say,Marketplace,Gold
FC00021,2023-10-25,Pune,25-34,Prefer not to say,Referral,Silver
FC00022,2025-08-04,Mumbai,45-54,Prefer not to say,Referral,Silver
FC00023,2025-04-07,Mumbai,45-54,Female,Organic,Gold
FC00024,2025-01-11,Chennai,25-34,Prefer not to say,Instagram,Gold
FC00025,2024-05-16,Gurugram,35-44,Female,Instagram,Bronze
FC00026,2023-02-04,Mumbai,25-34,Male,Organic,Gold
FC00027,2025-07-17,Gurugram,25-34,Female,Organic,Bronze
FC00028,2024-08-13,Gurugram,55+,Male,Referral,Bronze
FC00029,2023-08-03,Delhi,55+,Male,Google Ads,Gold
FC00030,2023-11-17,Mumbai,18-24,Male,Referral,Gold
FC00031,2025-10-05,Chennai,35-44,Female,Organic,Silver
FC00032,2024-11-07,Chennai,25-34,Prefer not to say,Instagram,Gold
FC00033,2026-06-22,Gurugram,45-54,Male,Google Ads,Bronze
FC00034,2025-08-24,Noida,25-34,Female,Organic,Bronze
FC00035,2023-02-03,Mumbai,55+,Prefer not to say,Marketplace,Gold
FC00036,2023-12-11,Delhi,25-34,Female,Referral,Bronze
FC00037,2024-05-15,Jaipur,25-34,Prefer not to say,Referral,Bronze
FC00038,2024-07-29,Hyderabad,55+,Prefer not to say,Google Ads,Silver
FC00039,2023-12-26,Chennai,55+,Female,Marketplace,Bronze
FC00040,2025-02-07,Gurugram,35-44,Prefer not to say,Referral,Bronze
FC00041,2025-10-01,Gurugram,45-54,Male,Instagram,Bronze
FC00042,2024-11-22,Jaipur,35-44,Prefer not to say,Organic,Silver
FC00043,2024-11-08,Jaipur,25-34,Female,Organic,Silver
FC00044,2023-08-25,Pune,25-34,Female,Organic,Bronze
FC00045,2023-05-14,Chennai,25-34,Male,Google Ads,Silver
FC00046,2023-10-28,Hyderabad,55+,Prefer not to say,Google Ads,Gold
FC00047,2024-10-06,Bengaluru,25-34,Prefer not to say,Instagram,Gold
FC00048,2025-11-10,Pune,35-44,Prefer not to say,Google Ads,Gold
FC00049,2024-02-18,Kolkata,45-54,Prefer not to say,Instagram,Silver
FC00050,2024-05-26,Hyderabad,35-44,Female,Referral,Silver
FC00051,2025-10-25,Noida,45-54,Male,Instagram,Gold
FC00052,2026-04-20,Pune,18-24,Male,Instagram,Silver
FC00053,2023-01-06,Bengaluru,18-24,Female,Organic,Bronze
FC00054,2024-04-16,Pune,55+,Male,Instagram,Silver
FC00055,2025-05-01,Mumbai,45-54,Prefer not to say,Referral,Bronze
FC00056,2025-10-13,Pune,55+,Prefer not to say,Referral,Bronze
FC00057,2025-12-17,Bengaluru,18-24,Prefer not to say,Organic,Silver
FC00058,2025-06-28,Noida,35-44,Male,Instagram,Gold
FC00059,2024-02-15,Chennai,25-34,Prefer not to say,Google Ads,Bronze
FC00060,2024-01-01,Hyderabad,18-24,Male,Instagram,Silver
FC00061,2026-05-25,Pune,35-44,Prefer not to say,Instagram,Silver
FC00062,2026-03-01,Bengaluru,45-54,Prefer not to say,Referral,Silver
FC00063,2024-07-13,Pune,25-34,Male,Instagram,Gold
FC00064,2024-09-18,Noida,45-54,Prefer not to say,Organic,Silver
FC00065,2025-05-13,Gurugram,45-54,Female,Organic,Bronze
FC00066,2026-01-06,Noida,45-54,Male,Organic,Gold
FC00067,2023-05-28,Mumbai,35-44,Male,Marketplace,Bronze
FC00068,2026-03-30,Pune,25-34,Male,Marketplace,Bronze
FC00069,2025-05-12,Jaipur,45-54,Male,Google Ads,Bronze
FC00070,2024-11-06,Jaipur,55+,Female,Organic,Gold
FC00071,2023-04-11,Mumbai,55+,Male,Google Ads,Silver
FC00072,2025-07-19,Mumbai,25-34,Female,Referral,Bronze
FC00073,2024-01-01,Jaipur,18-24,Female,Referral,Gold
FC00074,2025-04-22,Bengaluru,55+,Prefer not to say,Instagram,Silver
FC00075,2026-07-01,Noida,55+,Male,Referral,Silver
FC00076,2024-03-26,Delhi,18-24,Female,Instagram,Bronze
FC00077,2024-09-10,Bengaluru,25-34,Female,Marketplace,Silver
FC00078,2025-02-23,Noida,45-54,Female,Referral,Silver
FC00079,2026-05-24,Kolkata,35-44,Male,Organic,Gold
FC00080,2024-09-11,Mumbai,18-24,Female,Marketplace,Silver
FC00081,2024-10-09,Pune,25-34,Male,Organic,Bronze
FC00082,2024-05-05,Pune,35-44,Female,Google Ads,Silver
FC00083,2023-09-23,Jaipur,45-54,Female,Google Ads,Silver
FC00084,2024-08-31,Kolkata,55+,Prefer not to say,Marketplace,Bronze
FC00085,2023-09-16,Chennai,18-24,Male,Marketplace,Gold
FC00086,2025-02-28,Noida,45-54,Male,Referral,Silver
FC00087,2024-08-25,Pune,18-24,Female,Referral,Gold
FC00088,2025-11-04,Mumbai,25-34,Prefer not to say,Instagram,Bronze
FC00089,2026-05-20,Bengaluru,18-24,Male,Organic,Silver
FC00090,2024-02-15,Mumbai,18-24,Female,Marketplace,Gold
FC00091,2024-06-30,Chennai,55+,Prefer not to say,Marketplace,Gold
FC00092,2023-02-08,Chennai,25-34,Prefer not to say,Organic,Gold
FC00093,2025-07-22,Pune,35-44,Female,Google Ads,Gold
FC00094,2023-12-15,Gurugram,35-44,Male,Marketplace,Bronze
FC00095,2026-06-18,Delhi,45-54,Prefer not to say,Instagram,Silver
FC00096,2023-04-19,Noida,25-34,Female,Marketplace,Silver
FC00097,2024-07-24,Pune,45-54,Prefer not to say,Google Ads,Bronze
FC00098,2024-11-09,Noida,25-34,Female,Google Ads,Gold
FC00099,2025-12-28,Pune,35-44,Female,Referral,Gold
FC00100,2024-05-16,Noida,25-34,Female,Organic,Silver
FC00101,2025-09-07,Hyderabad,18-24,Prefer not to say,Referral,Bronze
FC00102,2023-07-05,Mumbai,35-44,Prefer not to say,Instagram,Silver
FC00103,2025-02-10,Gurugram,35-44,Female,Marketplace,Silver
FC00104,2024-03-24,Mumbai,25-34,Male,Instagram,Silver
FC00105,2023-05-07,Hyderabad,18-24,Female,Referral,Bronze
FC00106,2025-05-01,Gurugram,25-34,Male,Organic,Silver
FC00107,2024-11-07,Mumbai,18-24,Prefer not to say,Referral,Bronze
FC00108,2024-09-11,Kolkata,25-34,Female,Marketplace,Bronze
FC00109,2025-03-27,Hyderabad,35-44,Female,Referral,Bronze
FC00110,2023-03-12,Mumbai,25-34,Female,Google Ads,Gold
FC00111,2026-07-09,Noida,35-44,Female,Google Ads,Bronze
FC00112,2023-10-09,Delhi,55+,Female,Marketplace,Silver
FC00113,2024-01-27,Delhi,55+,Male,Marketplace,Silver
FC00114,2024-01-10,Mumbai,55+,Female,Instagram,Gold
FC00115,2023-08-26,Bengaluru,18-24,Female,Referral,Silver
FC00116,2024-09-20,Hyderabad,25-34,Prefer not to say,Marketplace,Bronze
FC00117,2023-03-17,Bengaluru,18-24,Male,Instagram,Silver
FC00118,2026-05-01,Pune,25-34,Female,Instagram,Bronze
FC00119,2024-01-01,Jaipur,18-24,Male,Instagram,Silver
FC00120,2026-03-04,Noida,45-54,Prefer not to say,Marketplace,Bronze
FC00121,2024-03-08,Chennai,45-54,Female,Marketplace,Gold
FC00122,2023-02-04,Kolkata,45-54,Female,Organic,Gold
FC00123,2025-12-03,Gurugram,25-34,Female,Instagram,Bronze
FC00124,2023-12-12,Hyderabad,25-34,Prefer not to say,Organic,Gold
FC00125,2024-08-21,Noida,25-34,Male,Referral,Silver
FC00126,2026-06-01,Noida,35-44,Male,Instagram,Silver
FC00127,2023-12-25,Noida,25-34,Male,Instagram,Silver
FC00128,2023-06-13,Noida,18-24,Prefer not to say,Referral,Bronze
FC00129,2024-05-22,Pune,25-34,Male,Instagram,Bronze
FC00130,2026-05-19,Kolkata,18-24,Prefer not to say,Referral,Silver
FC00131,2024-10-23,Mumbai,55+,Prefer not to say,Instagram,Gold
FC00132,2023-07-12,Kolkata,55+,Prefer not to say,Referral,Bronze
FC00133,2025-07-30,Pune,18-24,Prefer not to say,Organic,Bronze
FC00134,2024-05-08,Hyderabad,45-54,Prefer not to say,Organic,Silver
FC00135,2024-02-24,Delhi,55+,Male,Instagram,Bronze
FC00136,2024-01-15,Chennai,35-44,Prefer not to say,Referral,Bronze
FC00137,2025-09-06,Chennai,55+,Prefer not to say,Marketplace,Gold
FC00138,2025-06-26,Pune,35-44,Male,Organic,Silver
FC00139,2026-05-28,Kolkata,35-44,Prefer not to say,Google Ads,Silver
FC00140,2026-05-18,Pune,18-24,Male,Marketplace,Silver
FC00141,2023-04-09,Kolkata,18-24,Female,Google Ads,Bronze
FC00142,2024-11-15,Kolkata,35-44,Female,Instagram,Gold
FC00143,2026-02-07,Hyderabad,45-54,Prefer not to say,Google Ads,Bronze
FC00144,2025-03-23,Hyderabad,45-54,Prefer not to say,Google Ads,Bronze
FC00145,2023-02-19,Pune,45-54,Prefer not to say,Organic,Gold
FC00146,2025-06-02,Mumbai,55+,Female,Instagram,Silver
FC00147,2023-03-14,Mumbai,35-44,Prefer not to say,Referral,Gold
FC00148,2024-04-12,Jaipur,18-24,Prefer not to say,Google Ads,Gold
FC00149,2023-07-18,Pune,35-44,Female,Instagram,Bronze
FC00150,2026-01-30,Chennai,18-24,Prefer not to say,Marketplace,Silver
FC00151,2025-01-27,Kolkata,45-54,Prefer not to say,Organic,Bronze
FC00152,2023-11-17,Hyderabad,45-54,Female,Instagram,Bronze
FC00153,2025-04-27,Noida,18-24,Prefer not to say,Google Ads,Silver
FC00154,2024-02-19,Pune,25-34,Female,Referral,Silver
FC00155,2024-01-29,Gurugram,25-34,Prefer not to say,Google Ads,Silver
FC00156,2026-03-23,Noida,55+,Male,Instagram,Silver
FC00157,2026-03-10,Mumbai,18-24,Male,Instagram,Bronze
FC00158,2023-12-26,Bengaluru,45-54,Female,Instagram,Silver
FC00159,2025-05-01,Kolkata,18-24,Female,Marketplace,Bronze
FC00160,2023-05-17,Gurugram,25-34,Male,Referral,Silver
FC00161,2025-04-27,Hyderabad,18-24,Prefer not to say,Marketplace,Bronze
FC00162,2025-12-01,Bengaluru,55+,Prefer not to say,Organic,Gold
FC00163,2023-10-04,Noida,25-34,Female,Google Ads,Bronze
FC00164,2025-03-22,Chennai,18-24,Prefer not to say,Organic,Gold
FC00165,2023-04-06,Chennai,25-34,Male,Instagram,Bronze
FC00166,2025-04-07,Gurugram,18-24,Male,Instagram,Bronze
FC00167,2024-10-08,Kolkata,25-34,Prefer not to say,Google Ads,Bronze
FC00168,2025-10-19,Hyderabad,18-24,Female,Instagram,Silver
FC00169,2025-02-10,Mumbai,35-44,Prefer not to say,Organic,Silver
FC00170,2024-04-13,Delhi,55+,Prefer not to say,Instagram,Gold
FC00171,2025-12-20,Noida,35-44,Female,Google Ads,Silver
FC00172,2023-09-09,Chennai,18-24,Female,Referral,Bronze
FC00173,2024-11-04,Gurugram,18-24,Female,Instagram,Silver
FC00174,2026-06-11,Kolkata,55+,Female,Instagram,Bronze
FC00175,2025-03-23,Bengaluru,25-34,Female,Marketplace,Silver
FC00176,2024-12-02,Delhi,45-54,Male,Marketplace,Gold
FC00177,2025-07-04,Jaipur,25-34,Male,Referral,Gold
FC00178,2024-05-03,Chennai,18-24,Female,Referral,Bronze
FC00179,2023-08-29,Bengaluru,55+,Male,Marketplace,Silver
FC00180,2026-07-24,Kolkata,45-54,Prefer not to say,Instagram,Silver
FC00181,2024-04-16,Chennai,18-24,Prefer not to say,Marketplace,Silver
FC00182,2026-05-21,Kolkata,25-34,Female,Google Ads,Bronze
FC00183,2025-06-16,Noida,45-54,Male,Organic,Bronze
FC00184,2023-09-16,Delhi,25-34,Prefer not to say,Organic,Bronze
FC00185,2024-05-03,Jaipur,25-34,Prefer not to say,Referral,Bronze
FC00186,2024-08-25,Kolkata,35-44,Female,Google Ads,Gold
FC00187,2023-12-11,Kolkata,55+,Male,Marketplace,Bronze
FC00188,2024-10-23,Mumbai,18-24,Female,Google Ads,Silver
FC00189,2025-09-14,Jaipur,45-54,Prefer not to say,Marketplace,Silver
FC00190,2023-09-01,Kolkata,55+,Male,Referral,Gold
FC00191,2025-01-28,Pune,18-24,Male,Organic,Bronze
FC00192,2025-01-20,Hyderabad,25-34,Prefer not to say,Organic,Gold
FC00193,2024-03-20,Delhi,45-54,Prefer not to say,Organic,Silver
FC00194,2025-03-07,Mumbai,45-54,Prefer not to say,Google Ads,Bronze
FC00195,2023-12-02,Jaipur,45-54,Male,Referral,Silver
FC00196,2024-08-22,Bengaluru,45-54,Prefer not to say,Referral,Bronze
FC00197,2025-01-03,Delhi,55+,Prefer not to say,Marketplace,Bronze
FC00198,2023-03-19,Jaipur,18-24,Female,Google Ads,Gold
FC00199,2023-11-14,Delhi,55+,Female,Marketplace,Silver
FC00200,2023-05-24,Gurugram,25-34,Prefer not to say,Marketplace,Gold
FC00201,2025-08-05,Mumbai,18-24,Prefer not to say,Organic,Gold
FC00202,2026-01-12,Hyderabad,25-34,Male,Organic,Bronze
FC00203,2025-07-22,Jaipur,25-34,Female,Marketplace,Bronze
FC00204,2025-12-15,Chennai,55+,Prefer not to say,Google Ads,Bronze
FC00205,2026-03-05,Bengaluru,18-24,Male,Organic,Silver
FC00206,2025-08-25,Gurugram,45-54,Female,Instagram,Bronze
FC00207,2025-09-26,Bengaluru,18-24,Female,Organic,Gold
FC00208,2024-11-20,Delhi,45-54,Male,Organic,Silver
FC00209,2025-05-10,Chennai,25-34,Male,Google Ads,Bronze
FC00210,2026-03-28,Mumbai,25-34,Female,Instagram,Bronze
FC00211,2026-03-18,Delhi,45-54,Male,Marketplace,Gold
FC00212,2023-10-22,Jaipur,35-44,Female,Instagram,Gold
FC00213,2023-07-16,Hyderabad,35-44,Prefer not to say,Organic,Silver
FC00214,2026-04-20,Hyderabad,35-44,Prefer not to say,Referral,Gold
FC00215,2024-08-10,Noida,35-44,Female,Referral,Gold
FC00216,2023-10-06,Gurugram,35-44,Female,Instagram,Gold
FC00217,2023-09-14,Mumbai,18-24,Male,Marketplace,Bronze
FC00218,2023-02-16,Bengaluru,18-24,Prefer not to say,Referral,Bronze
FC00219,2025-05-28,Noida,45-54,Prefer not to say,Google Ads,Gold
FC00220,2024-08-20,Gurugram,25-34,Male,Marketplace,Silver
FC00221,2023-12-09,Chennai,18-24,Prefer not to say,Marketplace,Gold
FC00222,2024-07-11,Pune,25-34,Male,Marketplace,Bronze
FC00223,2024-10-04,Kolkata,25-34,Male,Organic,Bronze
FC00224,2025-10-24,Bengaluru,18-24,Male,Organic,Silver
FC00225,2026-03-14,Noida,45-54,Female,Referral,Silver
FC00226,2023-02-06,Kolkata,18-24,Female,Instagram,Gold
FC00227,2025-12-20,Pune,35-44,Prefer not to say,Google Ads,Silver
FC00228,2024-04-02,Delhi,55+,Male,Instagram,Bronze
FC00229,2024-02-06,Mumbai,18-24,Female,Referral,Gold
FC00230,2024-09-23,Mumbai,25-34,Prefer not to say,Organic,Gold
FC00231,2024-04-28,Chennai,25-34,Female,Organic,Gold
FC00232,2024-10-30,Gurugram,55+,Female,Organic,Bronze
FC00233,2026-04-14,Hyderabad,18-24,Prefer not to say,Google Ads,Gold
FC00234,2025-08-20,Noida,18-24,Male,Instagram,Bronze
FC00235,2024-01-27,Pune,25-34,Female,Organic,Silver
FC00236,2023-06-04,Jaipur,45-54,Male,Organic,Bronze
FC00237,2023-05-29,Pune,45-54,Prefer not to say,Google Ads,Bronze
FC00238,2025-02-08,Noida,55+,Male,Marketplace,Gold
FC00239,2025-08-13,Bengaluru,18-24,Prefer not to say,Organic,Bronze
FC00240,2023-08-19,Noida,18-24,Male,Referral,Silver
FC00241,2026-03-30,Hyderabad,25-34,Prefer not to say,Organic,Bronze
FC00242,2024-07-31,Pune,18-24,Prefer not to say,Referral,Silver
FC00243,2024-09-15,Bengaluru,25-34,Male,Instagram,Gold
FC00244,2026-03-02,Hyderabad,45-54,Male,Organic,Silver
FC00245,2024-05-06,Delhi,25-34,Prefer not to say,Marketplace,Bronze
FC00246,2026-04-10,Kolkata,35-44,Female,Marketplace,Gold
FC00247,2026-07-01,Jaipur,35-44,Male,Referral,Silver
FC00248,2023-08-17,Pune,55+,Female,Organic,Silver
FC00249,2025-03-22,Bengaluru,35-44,Female,Google Ads,Bronze
FC00250,2023-12-25,Chennai,18-24,Male,Instagram,Bronze
FC00251,2026-04-15,Kolkata,55+,Female,Referral,Bronze
FC00252,2023-12-01,Chennai,18-24,Male,Marketplace,Bronze
FC00253,2025-12-15,Chennai,55+,Female,Organic,Bronze
FC00254,2023-09-17,Chennai,35-44,Male,Google Ads,Silver
FC00255,2026-06-04,Delhi,45-54,Female,Instagram,Bronze
FC00256,2023-12-02,Jaipur,55+,Prefer not to say,Organic,Bronze
FC00257,2025-03-27,Chennai,18-24,Prefer not to say,Instagram,Bronze
FC00258,2025-06-19,Hyderabad,18-24,Prefer not to say,Google Ads,Silver
FC00259,2026-01-31,Kolkata,45-54,Male,Organic,Bronze
FC00260,2023-06-28,Mumbai,35-44,Prefer not to say,Marketplace,Silver
FC00261,2023-03-28,Mumbai,45-54,Prefer not to say,Instagram,Silver
FC00262,2024-05-02,Kolkata,45-54,Male,Organic,Silver
FC00263,2024-02-01,Pune,45-54,Female,Marketplace,Gold
FC00264,2024-04-30,Kolkata,18-24,Male,Organic,Silver
FC00265,2025-07-28,Kolkata,18-24,Prefer not to say,Google Ads,Bronze
FC00266,2024-07-15,Mumbai,35-44,Male,Google Ads,Bronze
FC00267,2025-11-14,Noida,18-24,Male,Referral,Gold
FC00268,2024-08-04,Mumbai,18-24,Prefer not to say,Marketplace,Bronze
FC00269,2025-06-06,Hyderabad,18-24,Prefer not to say,Instagram,Silver
FC00270,2025-10-18,Kolkata,25-34,Male,Marketplace,Gold
FC00271,2024-06-24,Noida,18-24,Male,Instagram,Silver
FC00272,2024-11-14,Bengaluru,25-34,Female,Marketplace,Bronze
FC00273,2023-06-07,Delhi,55+,Prefer not to say,Google Ads,Gold
FC00274,2023-09-22,Mumbai,55+,Prefer not to say,Google Ads,Gold
FC00275,2023-07-07,Delhi,45-54,Prefer not to say,Instagram,Silver
FC00276,2024-03-08,Gurugram,35-44,Female,Referral,Bronze
FC00277,2025-01-28,Pune,55+,Male,Google Ads,Bronze
FC00278,2025-04-11,Noida,25-34,Prefer not to say,Google Ads,Bronze
FC00279,2024-04-28,Jaipur,18-24,Prefer not to say,Referral,Silver
FC00280,2026-07-01,Mumbai,45-54,Male,Instagram,Silver
FC00281,2025-03-15,Gurugram,45-54,Male,Referral,Gold
FC00282,2023-07-07,Hyderabad,25-34,Prefer not to say,Referral,Bronze
FC00283,2023-12-30,Bengaluru,55+,Male,Google Ads,Gold
FC00284,2024-04-21,Kolkata,18-24,Prefer not to say,Organic,Bronze
FC00285,2024-01-28,Kolkata,45-54,Male,Marketplace,Bronze
FC00286,2025-07-30,Mumbai,25-34,Male,Google Ads,Gold
FC00287,2023-01-12,Mumbai,45-54,Prefer not to say,Marketplace,Gold
FC00288,2025-07-02,Mumbai,25-34,Female,Instagram,Silver
FC00289,2023-08-17,Jaipur,18-24,Male,Marketplace,Silver
FC00290,2023-01-26,Noida,45-54,Prefer not to say,Referral,Silver
FC00291,2026-03-15,Gurugram,55+,Female,Referral,Bronze
FC00292,2023-03-06,Kolkata,25-34,Prefer not to say,Google Ads,Gold
FC00293,2024-08-21,Jaipur,35-44,Prefer not to say,Google Ads,Gold
FC00294,2025-06-29,Hyderabad,18-24,Female,Marketplace,Gold
FC00295,2024-04-29,Kolkata,45-54,Male,Instagram,Bronze
FC00296,2024-09-27,Bengaluru,18-24,Prefer not to say,Organic,Bronze
FC00297,2023-07-03,Gurugram,45-54,Female,Google Ads,Bronze
FC00298,2023-07-19,Delhi,18-24,Female,Organic,Gold
FC00299,2026-05-24,Jaipur,25-34,Male,Marketplace,Bronze
FC00300,2025-12-27,Gurugram,45-54,Male,Instagram,Gold
FC00301,2023-06-20,Chennai,18-24,Male,Marketplace,Bronze
FC00302,2024-03-13,Gurugram,18-24,Female,Marketplace,Bronze
FC00303,2024-04-16,Jaipur,25-34,Female,Marketplace,Silver
FC00304,2023-02-16,Mumbai,55+,Female,Instagram,Silver
FC00305,2023-07-28,Chennai,35-44,Prefer not to say,Instagram,Silver
FC00306,2023-12-09,Delhi,45-54,Prefer not to say,Referral,Bronze
FC00307,2024-07-16,Noida,35-44,Female,Organic,Gold
FC00308,2024-03-29,Gurugram,45-54,Prefer not to say,Marketplace,Gold
FC00309,2024-12-16,Noida,25-34,Prefer not to say,Instagram,Bronze
FC00310,2023-03-28,Noida,18-24,Prefer not to say,Referral,Gold
FC00311,2026-01-07,Jaipur,55+,Prefer not to say,Google Ads,Gold
FC00312,2024-04-21,Noida,55+,Female,Organic,Bronze
FC00313,2025-12-09,Chennai,18-24,Male,Instagram,Silver
FC00314,2023-08-10,Noida,45-54,Female,Organic,Bronze
FC00315,2025-09-25,Jaipur,55+,Male,Organic,Gold
FC00316,2024-02-10,Kolkata,35-44,Prefer not to say,Google Ads,Silver
FC00317,2023-04-10,Chennai,55+,Female,Google Ads,Bronze
FC00318,2023-04-21,Jaipur,25-34,Female,Referral,Bronze
FC00319,2023-11-17,Gurugram,25-34,Prefer not to say,Referral,Bronze
FC00320,2025-05-24,Pune,55+,Male,Google Ads,Silver
FC00321,2025-06-25,Mumbai,18-24,Male,Instagram,Gold
FC00322,2024-11-28,Bengaluru,45-54,Prefer not to say,Organic,Bronze
FC00323,2023-12-26,Bengaluru,25-34,Female,Google Ads,Bronze
FC00324,2024-08-27,Kolkata,55+,Prefer not to say,Marketplace,Gold
FC00325,2025-09-16,Jaipur,18-24,Prefer not to say,Instagram,Silver
FC00326,2025-12-04,Mumbai,55+,Prefer not to say,Instagram,Silver
FC00327,2024-05-20,Noida,35-44,Male,Google Ads,Gold
FC00328,2023-03-28,Gurugram,25-34,Female,Organic,Silver
FC00329,2023-12-20,Chennai,55+,Male,Google Ads,Gold
FC00330,2024-02-23,Hyderabad,55+,Male,Organic,Silver
FC00331,2024-09-21,Mumbai,35-44,Male,Marketplace,Bronze
FC00332,2024-08-13,Chennai,35-44,Male,Organic,Silver
FC00333,2025-07-11,Bengaluru,55+,Male,Marketplace,Silver
FC00334,2024-10-16,Jaipur,25-34,Female,Instagram,Bronze
FC00335,2025-03-21,Delhi,18-24,Male,Referral,Gold
FC00336,2026-02-02,Chennai,25-34,Prefer not to say,Organic,Gold
FC00337,2025-09-16,Bengaluru,35-44,Male,Referral,Gold
FC00338,2023-01-05,Mumbai,18-24,Female,Instagram,Gold
FC00339,2024-08-10,Pune,25-34,Male,Marketplace,Gold
FC00340,2023-03-28,Gurugram,45-54,Prefer not to say,Organic,Gold
FC00341,2024-06-05,Bengaluru,45-54,Female,Marketplace,Bronze
FC00342,2023-01-28,Gurugram,45-54,Prefer not to say,Referral,Bronze
FC00343,2024-05-31,Noida,25-34,Female,Google Ads,Gold
FC00344,2024-01-26,Chennai,55+,Male,Referral,Bronze
FC00345,2024-08-31,Kolkata,25-34,Prefer not to say,Referral,Silver
FC00346,2024-04-10,Bengaluru,18-24,Prefer not to say,Marketplace,Bronze
FC00347,2023-12-14,Gurugram,25-34,Male,Instagram,Silver
FC00348,2023-09-21,Hyderabad,45-54,Female,Organic,Gold
FC00349,2023-01-01,Pune,55+,Prefer not to say,Marketplace,Silver
FC00350,2024-06-02,Kolkata,35-44,Prefer not to say,Google Ads,Gold
FC00351,2025-04-13,Gurugram,18-24,Male,Referral,Silver
FC00352,2026-07-07,Kolkata,25-34,Prefer not to say,Organic,Silver
FC00353,2024-03-20,Hyderabad,35-44,Male,Marketplace,Bronze
FC00354,2024-05-01,Jaipur,18-24,Prefer not to say,Instagram,Bronze
FC00355,2023-01-07,Kolkata,55+,Prefer not to say,Referral,Silver
FC00356,2023-07-20,Delhi,55+,Prefer not to say,Google Ads,Silver
FC00357,2023-03-14,Noida,25-34,Female,Google Ads,Bronze
FC00358,2025-01-17,Hyderabad,25-34,Male,Instagram,Gold
FC00359,2024-08-30,Bengaluru,35-44,Male,Marketplace,Gold
FC00360,2025-11-20,Bengaluru,18-24,Female,Organic,Silver
FC00361,2024-11-02,Noida,55+,Female,Referral,Silver
FC00362,2025-03-17,Bengaluru,35-44,Female,Google Ads,Silver
FC00363,2023-02-14,Kolkata,45-54,Female,Instagram,Gold
FC00364,2024-10-11,Gurugram,55+,Male,Instagram,Gold
FC00365,2026-06-01,Bengaluru,18-24,Prefer not to say,Google Ads,Gold
FC00366,2023-06-19,Noida,45-54,Male,Referral,Gold
FC00367,2025-05-28,Pune,55+,Prefer not to say,Marketplace,Bronze
FC00368,2026-03-27,Delhi,25-34,Prefer not to say,Organic,Bronze
FC00369,2023-06-28,Bengaluru,35-44,Male,Google Ads,Silver
FC00370,2025-06-19,Gurugram,25-34,Female,Marketplace,Gold
FC00371,2024-07-02,Jaipur,18-24,Prefer not to say,Referral,Bronze
FC00372,2026-05-29,Chennai,18-24,Male,Google Ads,Bronze
FC00373,2023-05-04,Kolkata,18-24,Prefer not to say,Marketplace,Silver
FC00374,2024-05-21,Kolkata,35-44,Male,Google Ads,Bronze
FC00375,2026-01-06,Pune,18-24,Female,Instagram,Bronze
FC00376,2024-02-21,Hyderabad,25-34,Male,Google Ads,Gold
FC00377,2025-10-02,Kolkata,25-34,Prefer not to say,Marketplace,Gold
FC00378,2024-03-12,Delhi,18-24,Male,Organic,Bronze
FC00379,2023-09-08,Delhi,18-24,Male,Instagram,Gold
FC00380,2024-08-20,Gurugram,18-24,Prefer not to say,Instagram,Gold
FC00381,2025-07-26,Bengaluru,45-54,Female,Referral,Bronze
FC00382,2024-11-10,Noida,55+,Prefer not to say,Organic,Silver
FC00383,2025-04-09,Gurugram,55+,Prefer not to say,Marketplace,Gold
FC00384,2023-03-19,Bengaluru,55+,Prefer not to say,Instagram,Bronze
FC00385,2026-06-19,Hyderabad,18-24,Female,Organic,Gold
FC00386,2023-09-30,Bengaluru,18-24,Prefer not to say,Instagram,Silver
FC00387,2023-03-19,Mumbai,18-24,Male,Referral,Bronze
FC00388,2024-03-12,Bengaluru,18-24,Male,Instagram,Bronze
FC00389,2024-10-29,Pune,25-34,Male,Referral,Gold
FC00390,2025-01-24,Chennai,55+,Male,Organic,Gold
FC00391,2026-03-08,Gurugram,18-24,Male,Instagram,Gold
FC00392,2024-01-14,Kolkata,35-44,Prefer not to say,Referral,Silver
FC00393,2024-11-24,Jaipur,45-54,Male,Marketplace,Bronze
FC00394,2024-07-10,Bengaluru,35-44,Female,Google Ads,Bronze
FC00395,2025-05-23,Mumbai,35-44,Prefer not to say,Referral,Gold
FC00396,2025-04-03,Hyderabad,45-54,Female,Referral,Gold
FC00397,2026-02-16,Delhi,18-24,Prefer not to say,Organic,Silver
FC00398,2025-07-10,Bengaluru,18-24,Female,Google Ads,Gold
FC00399,2025-11-10,Delhi,55+,Female,Google Ads,Bronze
FC00400,2024-05-06,Chennai,55+,Prefer not to say,Instagram,Gold
FC00401,2024-08-13,Delhi,18-24,Male,Google Ads,Silver
FC00402,2024-12-08,Mumbai,55+,Male,Marketplace,Gold
FC00403,2023-07-17,Mumbai,55+,Male,Marketplace,Gold
FC00404,2023-06-14,Bengaluru,35-44,Male,Referral,Silver
FC00405,2024-10-10,Bengaluru,45-54,Female,Instagram,Silver
FC00406,2025-05-19,Jaipur,18-24,Female,Organic,Gold
FC00407,2024-07-12,Noida,55+,Female,Marketplace,Silver
FC00408,2026-07-25,Bengaluru,45-54,Prefer not to say,Google Ads,Gold
FC00409,2024-04-26,Hyderabad,55+,Prefer not to say,Marketplace,Silver
FC00410,2024-11-15,Hyderabad,45-54,Female,Referral,Gold
FC00411,2025-04-21,Gurugram,45-54,Prefer not to say,Referral,Bronze
FC00412,2025-04-24,Bengaluru,55+,Prefer not to say,Google Ads,Gold
FC00413,2023-01-28,Kolkata,25-34,Female,Organic,Bronze
FC00414,2024-05-08,Delhi,35-44,Prefer not to say,Organic,Silver
FC00415,2024-08-15,Jaipur,35-44,Female,Marketplace,Gold
FC00416,2024-07-05,Chennai,25-34,Female,Referral,Gold
FC00417,2026-06-02,Hyderabad,55+,Prefer not to say,Referral,Silver
FC00418,2024-05-30,Pune,18-24,Prefer not to say,Referral,Bronze
FC00419,2025-01-12,Pune,18-24,Female,Organic,Bronze
FC00420,2024-04-19,Pune,18-24,Female,Organic,Bronze
FC00421,2025-05-22,Jaipur,25-34,Male,Marketplace,Silver
FC00422,2024-07-05,Hyderabad,35-44,Prefer not to say,Google Ads,Silver
FC00423,2025-03-23,Chennai,45-54,Prefer not to say,Marketplace,Bronze
FC00424,2023-07-24,Jaipur,35-44,Prefer not to say,Google Ads,Silver
FC00425,2024-08-22,Bengaluru,45-54,Female,Instagram,Silver
FC00426,2024-03-02,Chennai,25-34,Female,Instagram,Bronze
FC00427,2024-06-21,Bengaluru,45-54,Female,Instagram,Gold
FC00428,2023-10-03,Chennai,25-34,Female,Google Ads,Bronze
FC00429,2024-05-07,Delhi,18-24,Prefer not to say,Organic,Silver
FC00430,2024-06-25,Gurugram,55+,Female,Instagram,Gold
FC00431,2024-12-23,Bengaluru,55+,Male,Organic,Silver
FC00432,2025-09-24,Kolkata,45-54,Female,Referral,Bronze
FC00433,2024-08-15,Jaipur,35-44,Male,Google Ads,Bronze
FC00434,2026-01-14,Noida,25-34,Male,Marketplace,Silver
FC00435,2025-06-17,Hyderabad,55+,Male,Referral,Silver
FC00436,2025-12-15,Noida,25-34,Male,Instagram,Bronze
FC00437,2023-10-26,Chennai,35-44,Prefer not to say,Instagram,Gold
FC00438,2023-01-17,Pune,25-34,Male,Referral,Silver
FC00439,2025-06-23,Mumbai,25-34,Female,Google Ads,Bronze
FC00440,2025-07-17,Gurugram,45-54,Prefer not to say,Referral,Silver
FC00441,2024-08-15,Mumbai,35-44,Female,Marketplace,Silver
FC00442,2026-07-11,Bengaluru,45-54,Prefer not to say,Google Ads,Gold
FC00443,2025-04-20,Kolkata,55+,Female,Marketplace,Bronze
FC00444,2023-01-04,Kolkata,25-34,Male,Organic,Gold
FC00445,2023-11-19,Gurugram,55+,Prefer not to say,Organic,Bronze
FC00446,2025-10-02,Kolkata,55+,Prefer not to say,Referral,Gold
FC00447,2025-12-22,Bengaluru,18-24,Prefer not to say,Instagram,Gold
FC00448,2024-09-30,Gurugram,35-44,Male,Organic,Gold
FC00449,2025-11-24,Bengaluru,45-54,Prefer not to say,Marketplace,Bronze
FC00450,2025-06-12,Hyderabad,45-54,Male,Google Ads,Gold
FC00451,2024-11-09,Mumbai,35-44,Prefer not to say,Marketplace,Silver
FC00452,2023-06-01,Hyderabad,25-34,Prefer not to say,Instagram,Gold
FC00453,2023-04-27,Noida,35-44,Female,Instagram,Silver
FC00454,2025-03-21,Bengaluru,18-24,Prefer not to say,Referral,Gold
FC00455,2024-11-21,Bengaluru,25-34,Female,Marketplace,Gold
FC00456,2024-10-20,Pune,35-44,Male,Referral,Bronze
FC00457,2023-03-21,Hyderabad,35-44,Prefer not to say,Instagram,Silver
FC00458,2025-09-07,Pune,45-54,Male,Google Ads,Bronze
FC00459,2025-02-10,Mumbai,18-24,Male,Google Ads,Bronze
FC00460,2024-09-13,Noida,18-24,Prefer not to say,Instagram,Bronze
FC00461,2025-07-05,Pune,55+,Female,Instagram,Silver
FC00462,2024-05-20,Jaipur,35-44,Male,Organic,Bronze
FC00463,2025-07-22,Chennai,35-44,Female,Referral,Silver
FC00464,2025-07-19,Noida,18-24,Female,Google Ads,Bronze
FC00465,2023-10-20,Chennai,45-54,Male,Instagram,Silver
FC00466,2026-03-27,Gurugram,45-54,Prefer not to say,Referral,Silver
FC00467,2026-02-28,Noida,35-44,Prefer not to say,Organic,Gold
FC00468,2023-10-04,Gurugram,25-34,Female,Google Ads,Bronze
FC00469,2025-04-13,Delhi,55+,Male,Organic,Gold
FC00470,2024-03-07,Hyderabad,25-34,Male,Google Ads,Bronze
FC00471,2026-04-22,Chennai,25-34,Male,Organic,Bronze
FC00472,2023-02-11,Chennai,55+,Female,Instagram,Silver
FC00473,2025-04-08,Gurugram,25-34,Male,Google Ads,Bronze
FC00474,2023-02-11,Mumbai,45-54,Prefer not to say,Organic,Bronze
FC00475,2026-03-02,Pune,45-54,Prefer not to say,Referral,Gold
FC00476,2025-07-15,Pune,45-54,Female,Organic,Bronze
FC00477,2025-10-09,Hyderabad,25-34,Female,Instagram,Gold
FC00478,2023-03-29,Mumbai,18-24,Male,Organic,Silver
FC00479,2026-05-30,Noida,55+,Prefer not to say,Organic,Silver
FC00480,2025-10-06,Pune,45-54,Female,Marketplace,Bronze
FC00481,2024-03-31,Jaipur,18-24,Prefer not to say,Marketplace,Silver
FC00482,2026-01-16,Pune,55+,Prefer not to say,Instagram,Silver
FC00483,2025-11-10,Jaipur,18-24,Prefer not to say,Instagram,Bronze
FC00484,2023-02-01,Jaipur,25-34,Prefer not to say,Instagram,Silver
FC00485,2025-11-17,Chennai,25-34,Male,Organic,Silver
FC00486,2025-05-27,Delhi,25-34,Prefer not to say,Referral,Bronze
FC00487,2025-09-16,Hyderabad,45-54,Male,Organic,Silver
FC00488,2025-08-29,Hyderabad,45-54,Prefer not to say,Instagram,Gold
FC00489,2026-05-03,Pune,18-24,Female,Google Ads,Bronze
FC00490,2026-06-16,Gurugram,18-24,Prefer not to say,Organic,Gold
FC00491,2025-11-17,Gurugram,18-24,Female,Referral,Silver
FC00492,2025-06-18,Chennai,18-24,Male,Organic,Bronze
FC00493,2025-11-08,Noida,35-44,Male,Google Ads,Bronze
FC00494,2023-01-23,Gurugram,25-34,Prefer not to say,Google Ads,Gold
FC00495,2026-07-12,Kolkata,35-44,Male,Marketplace,Gold
FC00496,2025-03-18,Bengaluru,35-44,Male,Organic,Silver
FC00497,2023-02-27,Jaipur,45-54,Male,Google Ads,Gold
FC00498,2024-02-01,Noida,25-34,Prefer not to say,Google Ads,Gold
FC00499,2024-12-22,Pune,18-24,Prefer not to say,Organic,Gold
FC00500,2023-10-01,Pune,35-44,Prefer not to say,Instagram,Gold
FC00501,2026-07-30,Bengaluru,35-44,Prefer not to say,Organic,Silver
FC00502,2026-01-10,Hyderabad,18-24,Male,Google Ads,Bronze
FC00503,2024-12-17,Hyderabad,25-34,Male,Instagram,Bronze
FC00504,2025-09-19,Pune,18-24,Prefer not to say,Organic,Bronze
FC00505,2024-07-04,Jaipur,35-44,Male,Instagram,Bronze
FC00506,2024-02-07,Gurugram,35-44,Female,Google Ads,Gold
FC00507,2023-09-07,Mumbai,25-34,Female,Organic,Silver
FC00508,2023-04-16,Gurugram,25-34,Female,Organic,Silver
FC00509,2023-11-07,Hyderabad,18-24,Female,Organic,Silver
FC00510,2026-01-11,Mumbai,18-24,Male,Organic,Bronze
FC00511,2024-03-25,Pune,45-54,Prefer not to say,Instagram,Silver
FC00512,2026-01-02,Mumbai,35-44,Male,Organic,Gold
FC00513,2023-06-26,Noida,55+,Female,Instagram,Silver
FC00514,2024-11-23,Noida,35-44,Female,Marketplace,Silver
FC00515,2026-01-22,Mumbai,55+,Prefer not to say,Referral,Silver
FC00516,2025-06-21,Chennai,45-54,Male,Organic,Bronze
FC00517,2024-11-12,Bengaluru,55+,Male,Instagram,Bronze
FC00518,2026-01-24,Mumbai,45-54,Male,Referral,Gold
FC00519,2024-11-07,Noida,18-24,Female,Organic,Bronze
FC00520,2023-12-07,Noida,18-24,Male,Instagram,Bronze
FC00521,2024-02-28,Bengaluru,55+,Prefer not to say,Marketplace,Silver
FC00522,2023-03-06,Mumbai,45-54,Prefer not to say,Marketplace,Gold
FC00523,2023-05-17,Pune,35-44,Male,Google Ads,Gold
FC00524,2023-04-28,Hyderabad,25-34,Female,Google Ads,Silver
FC00525,2024-10-27,Hyderabad,25-34,Male,Google Ads,Bronze
FC00526,2025-02-20,Hyderabad,25-34,Female,Instagram,Gold
FC00527,2025-11-01,Chennai,35-44,Prefer not to say,Instagram,Gold
FC00528,2024-01-14,Noida,25-34,Female,Instagram,Silver
FC00529,2023-05-21,Kolkata,18-24,Male,Google Ads,Bronze
FC00530,2023-04-02,Kolkata,35-44,Male,Marketplace,Silver
FC00531,2024-06-11,Pune,18-24,Prefer not to say,Instagram,Bronze
FC00532,2025-04-08,Jaipur,35-44,Prefer not to say,Organic,Bronze
FC00533,2023-09-02,Mumbai,45-54,Male,Referral,Bronze
FC00534,2024-01-05,Chennai,25-34,Male,Google Ads,Silver
FC00535,2024-12-04,Mumbai,55+,Prefer not to say,Instagram,Gold
FC00536,2026-06-08,Delhi,18-24,Male,Referral,Bronze
FC00537,2024-03-30,Bengaluru,55+,Male,Instagram,Silver
FC00538,2023-10-28,Mumbai,55+,Male,Google Ads,Bronze
FC00539,2024-01-17,Kolkata,55+,Prefer not to say,Marketplace,Silver
FC00540,2025-04-30,Gurugram,55+,Female,Marketplace,Silver
FC00541,2023-05-19,Mumbai,25-34,Male,Marketplace,Bronze
FC00542,2024-01-07,Noida,25-34,Male,Organic,Gold
FC00543,2026-05-15,Delhi,35-44,Male,Referral,Gold
FC00544,2023-02-27,Noida,55+,Prefer not to say,Marketplace,Silver
FC00545,2024-06-14,Hyderabad,18-24,Prefer not to say,Referral,Bronze
FC00546,2024-11-24,Gurugram,18-24,Male,Instagram,Gold
FC00547,2023-12-31,Gurugram,25-34,Female,Google Ads,Bronze
FC00548,2025-07-05,Hyderabad,25-34,Male,Organic,Silver
FC00549,2023-07-20,Jaipur,55+,Prefer not to say,Referral,Gold
FC00550,2026-03-29,Noida,18-24,Prefer not to say,Marketplace,Gold
FC00551,2023-04-25,Kolkata,35-44,Prefer not to say,Organic,Silver
FC00552,2024-11-02,Gurugram,55+,Male,Organic,Gold
FC00553,2026-02-05,Hyderabad,45-54,Prefer not to say,Google Ads,Bronze
FC00554,2026-06-05,Delhi,45-54,Male,Referral,Bronze
FC00555,2024-04-09,Mumbai,45-54,Female,Marketplace,Bronze
FC00556,2024-04-20,Jaipur,35-44,Female,Instagram,Bronze
FC00557,2023-08-22,Kolkata,55+,Female,Google Ads,Silver
FC00558,2025-02-01,Chennai,35-44,Female,Google Ads,Silver
FC00559,2024-02-22,Kolkata,18-24,Female,Marketplace,Gold
FC00560,2025-02-27,Kolkata,25-34,Female,Google Ads,Silver
FC00561,2023-12-07,Kolkata,18-24,Prefer not to say,Google Ads,Gold
FC00562,2025-01-12,Delhi,45-54,Female,Organic,Gold
FC00563,2023-01-16,Jaipur,45-54,Male,Marketplace,Bronze
FC00564,2025-10-18,Noida,55+,Prefer not to say,Referral,Bronze
FC00565,2023-11-28,Noida,45-54,Female,Google Ads,Bronze
FC00566,2025-06-07,Kolkata,35-44,Male,Referral,Silver
FC00567,2026-01-30,Gurugram,18-24,Male,Organic,Gold
FC00568,2025-07-24,Delhi,18-24,Prefer not to say,Google Ads,Gold
FC00569,2025-06-27,Kolkata,45-54,Male,Instagram,Gold
FC00570,2026-07-13,Pune,35-44,Male,Instagram,Bronze
FC00571,2024-02-02,Delhi,18-24,Female,Instagram,Silver
FC00572,2026-04-04,Jaipur,18-24,Female,Referral,Bronze
FC00573,2025-07-06,Hyderabad,25-34,Prefer not to say,Marketplace,Silver
FC00574,2023-06-08,Gurugram,18-24,Prefer not to say,Marketplace,Gold
FC00575,2023-10-16,Delhi,45-54,Prefer not to say,Organic,Bronze
FC00576,2025-10-30,Gurugram,25-34,Prefer not to say,Google Ads,Gold
FC00577,2024-04-26,Bengaluru,25-34,Female,Organic,Gold
FC00578,2025-08-31,Bengaluru,18-24,Female,Marketplace,Bronze
FC00579,2023-12-28,Pune,45-54,Male,Marketplace,Bronze
FC00580,2024-10-11,Pune,45-54,Prefer not to say,Marketplace,Bronze
FC00581,2024-02-24,Mumbai,35-44,Male,Google Ads,Silver
FC00582,2025-06-13,Pune,25-34,Male,Google Ads,Bronze
FC00583,2025-12-10,Gurugram,18-24,Male,Referral,Gold
FC00584,2025-10-12,Gurugram,25-34,Prefer not to say,Referral,Silver
FC00585,2025-09-21,Mumbai,25-34,Male,Marketplace,Gold
FC00586,2026-01-09,Hyderabad,55+,Male,Referral,Bronze
FC00587,2023-12-29,Noida,18-24,Prefer not to say,Instagram,Gold
FC00588,2023-11-22,Kolkata,55+,Prefer not to say,Organic,Silver
FC00589,2023-11-18,Gurugram,35-44,Female,Organic,Gold
FC00590,2024-06-22,Hyderabad,35-44,Prefer not to say,Referral,Silver
FC00591,2025-07-20,Bengaluru,18-24,Prefer not to say,Organic,Bronze
FC00592,2025-06-11,Pune,25-34,Male,Marketplace,Gold
FC00593,2024-01-30,Pune,25-34,Female,Google Ads,Silver
FC00594,2023-05-04,Bengaluru,18-24,Female,Referral,Silver
FC00595,2026-07-25,Bengaluru,25-34,Male,Referral,Silver
FC00596,2025-11-12,Delhi,25-34,Prefer not to say,Google Ads,Gold
FC00597,2024-05-22,Noida,35-44,Female,Organic,Gold
FC00598,2023-01-12,Hyderabad,18-24,Male,Instagram,Silver
FC00599,2025-11-02,Delhi,18-24,Prefer not to say,Marketplace,Gold
FC00600,2025-03-02,Pune,18-24,Male,Google Ads,Bronze
FC00601,2025-01-13,Pune,45-54,Prefer not to say,Google Ads,Gold
FC00602,2025-11-22,Jaipur,45-54,Female,Organic,Bronze
FC00603,2026-01-04,Pune,35-44,Prefer not to say,Google Ads,Gold
FC00604,2023-08-02,Chennai,45-54,Prefer not to say,Organic,Silver
FC00605,2024-08-30,Hyderabad,25-34,Male,Referral,Gold
FC00606,2026-04-17,Noida,25-34,Prefer not to say,Instagram,Silver
FC00607,2025-11-01,Pune,35-44,Male,Google Ads,Silver
FC00608,2024-01-06,Pune,35-44,Male,Organic,Gold
FC00609,2026-03-16,Jaipur,55+,Male,Google Ads,Bronze
FC00610,2023-01-23,Noida,35-44,Female,Google Ads,Gold
FC00611,2023-09-25,Delhi,25-34,Male,Marketplace,Bronze
FC00612,2023-12-20,Kolkata,18-24,Male,Instagram,Bronze
FC00613,2025-02-16,Pune,25-34,Male,Referral,Bronze
FC00614,2024-06-15,Jaipur,55+,Male,Marketplace,Bronze
FC00615,2026-06-01,Jaipur,45-54,Prefer not to say,Referral,Bronze
FC00616,2026-02-28,Noida,35-44,Female,Google Ads,Gold
FC00617,2024-12-03,Chennai,25-34,Female,Organic,Gold
FC00618,2025-05-13,Kolkata,25-34,Male,Google Ads,Silver
FC00619,2024-01-13,Jaipur,55+,Female,Marketplace,Gold
FC00620,2023-07-11,Jaipur,25-34,Male,Instagram,Silver
FC00621,2024-01-23,Gurugram,18-24,Male,Referral,Bronze
FC00622,2024-08-03,Jaipur,18-24,Male,Organic,Silver
FC00623,2026-05-23,Delhi,35-44,Prefer not to say,Google Ads,Gold
FC00624,2025-12-29,Hyderabad,35-44,Male,Organic,Silver
FC00625,2024-03-23,Bengaluru,25-34,Female,Marketplace,Silver
FC00626,2025-05-22,Delhi,18-24,Male,Organic,Gold
FC00627,2024-02-02,Delhi,25-34,Female,Google Ads,Gold
FC00628,2023-08-06,Hyderabad,18-24,Male,Referral,Gold
FC00629,2023-09-01,Kolkata,55+,Male,Google Ads,Gold
FC00630,2023-08-08,Pune,55+,Female,Marketplace,Silver
FC00631,2025-07-11,Mumbai,45-54,Female,Organic,Gold
FC00632,2023-06-28,Hyderabad,25-34,Prefer not to say,Instagram,Silver
FC00633,2023-08-16,Noida,35-44,Male,Referral,Gold
FC00634,2025-03-19,Noida,35-44,Prefer not to say,Marketplace,Silver
FC00635,2026-04-18,Noida,55+,Female,Organic,Silver
FC00636,2023-11-25,Noida,18-24,Male,Instagram,Bronze
FC00637,2023-09-16,Chennai,35-44,Male,Google Ads,Silver
FC00638,2024-08-06,Noida,45-54,Male,Referral,Bronze
FC00639,2026-01-12,Mumbai,45-54,Male,Google Ads,Gold
FC00640,2024-06-02,Jaipur,18-24,Male,Referral,Silver
FC00641,2023-12-30,Gurugram,25-34,Female,Organic,Bronze
FC00642,2025-05-20,Kolkata,45-54,Prefer not to say,Organic,Bronze
FC00643,2024-11-12,Hyderabad,25-34,Prefer not to say,Instagram,Bronze
FC00644,2025-01-03,Kolkata,35-44,Female,Instagram,Silver
FC00645,2024-05-08,Kolkata,25-34,Male,Referral,Gold
FC00646,2024-03-10,Pune,45-54,Male,Google Ads,Silver
FC00647,2025-01-09,Delhi,45-54,Prefer not to say,Organic,Gold
FC00648,2025-01-31,Jaipur,25-34,Prefer not to say,Google Ads,Silver
FC00649,2023-05-26,Delhi,18-24,Male,Google Ads,Silver
FC00650,2024-11-25,Bengaluru,45-54,Prefer not to say,Referral,Silver
FC00651,2026-03-17,Jaipur,45-54,Female,Google Ads,Gold
FC00652,2023-09-26,Chennai,45-54,Female,Referral,Silver
FC00653,2025-01-30,Delhi,35-44,Female,Marketplace,Gold
FC00654,2024-04-24,Kolkata,25-34,Prefer not to say,Referral,Silver
FC00655,2025-06-23,Gurugram,45-54,Male,Marketplace,Bronze
FC00656,2023-12-08,Bengaluru,25-34,Female,Marketplace,Silver
FC00657,2025-01-05,Jaipur,35-44,Female,Instagram,Bronze
FC00658,2024-04-29,Jaipur,18-24,Female,Referral,Silver
FC00659,2023-11-27,Kolkata,35-44,Prefer not to say,Google Ads,Bronze
FC00660,2024-11-15,Gurugram,25-34,Male,Marketplace,Bronze
FC00661,2025-07-25,Mumbai,45-54,Female,Instagram,Bronze
FC00662,2025-08-21,Gurugram,45-54,Female,Marketplace,Silver
FC00663,2025-11-22,Hyderabad,55+,Female,Google Ads,Bronze
FC00664,2025-07-14,Pune,45-54,Male,Organic,Bronze
FC00665,2024-08-08,Chennai,18-24,Prefer not to say,Marketplace,Gold
FC00666,2023-10-19,Bengaluru,45-54,Female,Organic,Bronze
FC00667,2023-12-06,Pune,45-54,Female,Google Ads,Silver
FC00668,2023-11-22,Jaipur,25-34,Prefer not to say,Instagram,Gold
FC00669,2023-10-20,Gurugram,18-24,Prefer not to say,Organic,Bronze
FC00670,2025-04-28,Pune,35-44,Male,Organic,Gold
FC00671,2025-08-20,Chennai,25-34,Male,Google Ads,Silver
FC00672,2026-06-26,Pune,45-54,Prefer not to say,Organic,Silver
FC00673,2024-01-04,Gurugram,35-44,Male,Marketplace,Bronze
FC00674,2024-07-26,Mumbai,35-44,Male,Google Ads,Bronze
FC00675,2026-01-26,Kolkata,18-24,Prefer not to say,Marketplace,Bronze
FC00676,2024-06-14,Bengaluru,45-54,Prefer not to say,Instagram,Bronze
FC00677,2024-02-13,Bengaluru,55+,Male,Google Ads,Silver
FC00678,2025-05-11,Mumbai,25-34,Male,Organic,Silver
FC00679,2024-07-13,Chennai,25-34,Male,Organic,Gold
FC00680,2024-10-18,Mumbai,18-24,Female,Organic,Bronze
FC00681,2023-03-26,Jaipur,55+,Prefer not to say,Marketplace,Silver
FC00682,2026-05-28,Gurugram,35-44,Male,Google Ads,Silver
FC00683,2025-09-28,Kolkata,55+,Male,Referral,Gold
FC00684,2023-04-22,Delhi,45-54,Female,Referral,Gold
FC00685,2026-07-12,Kolkata,45-54,Male,Instagram,Bronze
FC00686,2023-07-12,Mumbai,18-24,Female,Google Ads,Gold
FC00687,2023-01-15,Hyderabad,25-34,Female,Instagram,Silver
FC00688,2023-08-01,Delhi,25-34,Female,Google Ads,Bronze
FC00689,2024-05-15,Jaipur,55+,Prefer not to say,Marketplace,Bronze
FC00690,2023-12-22,Mumbai,55+,Female,Referral,Gold
FC00691,2025-09-28,Mumbai,25-34,Male,Referral,Gold
FC00692,2025-01-05,Chennai,25-34,Female,Instagram,Gold
FC00693,2024-10-28,Mumbai,25-34,Prefer not to say,Instagram,Silver
FC00694,2026-07-31,Mumbai,18-24,Female,Instagram,Silver
FC00695,2025-01-21,Gurugram,25-34,Male,Marketplace,Bronze
FC00696,2026-06-04,Gurugram,18-24,Prefer not to say,Referral,Gold
FC00697,2023-05-04,Noida,55+,Male,Organic,Silver
FC00698,2025-01-29,Pune,55+,Prefer not to say,Organic,Silver
FC00699,2023-05-01,Kolkata,25-34,Male,Referral,Silver
FC00700,2024-03-07,Chennai,45-54,Prefer not to say,Referral,Silver
FC00701,2025-11-14,Bengaluru,25-34,Female,Instagram,Bronze
FC00702,2025-09-09,Mumbai,45-54,Female,Referral,Bronze
FC00703,2023-08-25,Bengaluru,55+,Female,Marketplace,Gold
FC00704,2024-12-29,Hyderabad,35-44,Male,Google Ads,Silver
FC00705,2024-05-12,Hyderabad,35-44,Male,Instagram,Bronze
FC00706,2023-09-28,Hyderabad,55+,Male,Google Ads,Gold
FC00707,2024-08-12,Delhi,35-44,Female,Instagram,Silver
FC00708,2025-03-05,Mumbai,25-34,Female,Marketplace,Bronze
FC00709,2024-06-24,Mumbai,18-24,Male,Google Ads,Gold
FC00710,2025-09-18,Gurugram,55+,Female,Organic,Silver
FC00711,2025-10-03,Mumbai,18-24,Male,Google Ads,Bronze
FC00712,2024-09-08,Mumbai,18-24,Female,Instagram,Silver
FC00713,2025-07-09,Kolkata,25-34,Prefer not to say,Referral,Silver
FC00714,2024-05-17,Noida,55+,Prefer not to say,Referral,Gold
FC00715,2023-02-23,Kolkata,45-54,Male,Google Ads,Bronze
FC00716,2023-03-30,Jaipur,45-54,Male,Marketplace,Bronze
FC00717,2025-06-28,Pune,45-54,Female,Marketplace,Gold
FC00718,2026-05-23,Hyderabad,25-34,Male,Organic,Silver
FC00719,2023-09-02,Pune,35-44,Male,Instagram,Bronze
FC00720,2024-11-30,Hyderabad,25-34,Prefer not to say,Organic,Silver
FC00721,2024-06-04,Hyderabad,25-34,Female,Organic,Bronze
FC00722,2026-07-07,Chennai,55+,Prefer not to say,Marketplace,Silver
FC00723,2025-01-18,Gurugram,25-34,Female,Marketplace,Gold
FC00724,2025-06-03,Hyderabad,35-44,Male,Instagram,Silver
FC00725,2025-07-14,Gurugram,18-24,Female,Instagram,Gold
FC00726,2024-02-04,Noida,35-44,Female,Organic,Gold
FC00727,2026-05-21,Hyderabad,35-44,Male,Marketplace,Silver
FC00728,2026-01-12,Hyderabad,18-24,Prefer not to say,Referral,Silver
FC00729,2026-02-04,Jaipur,18-24,Male,Instagram,Gold
FC00730,2025-01-17,Gurugram,18-24,Male,Instagram,Gold
FC00731,2025-12-06,Mumbai,55+,Male,Referral,Silver
FC00732,2024-01-17,Noida,18-24,Female,Organic,Bronze
FC00733,2023-12-16,Noida,55+,Male,Google Ads,Bronze
FC00734,2024-05-11,Noida,35-44,Prefer not to say,Instagram,Gold
FC00735,2024-08-21,Chennai,45-54,Prefer not to say,Referral,Bronze
FC00736,2024-12-24,Hyderabad,55+,Male,Organic,Silver
FC00737,2024-03-08,Pune,45-54,Prefer not to say,Organic,Silver
FC00738,2023-06-25,Bengaluru,25-34,Male,Marketplace,Gold
FC00739,2023-11-24,Gurugram,55+,Prefer not to say,Marketplace,Bronze
FC00740,2026-03-04,Hyderabad,35-44,Male,Referral,Bronze
FC00741,2024-04-06,Noida,25-34,Male,Google Ads,Gold
FC00742,2023-01-21,Bengaluru,45-54,Prefer not to say,Referral,Gold
FC00743,2023-07-17,Bengaluru,35-44,Prefer not to say,Google Ads,Silver
FC00744,2023-07-07,Gurugram,45-54,Prefer not to say,Marketplace,Bronze
FC00745,2023-04-30,Pune,45-54,Male,Marketplace,Bronze
FC00746,2025-08-25,Jaipur,35-44,Male,Referral,Bronze
FC00747,2025-03-07,Delhi,18-24,Prefer not to say,Referral,Gold
FC00748,2023-10-24,Bengaluru,35-44,Female,Instagram,Bronze
FC00749,2024-07-13,Pune,25-34,Prefer not to say,Google Ads,Gold
FC00750,2026-01-07,Gurugram,35-44,Female,Instagram,Silver
FC00751,2024-02-09,Mumbai,55+,Prefer not to say,Google Ads,Silver
FC00752,2024-03-16,Gurugram,45-54,Male,Referral,Silver
FC00753,2023-01-02,Kolkata,45-54,Male,Instagram,Silver
FC00754,2025-01-31,Delhi,55+,Prefer not to say,Google Ads,Silver
FC00755,2023-07-02,Mumbai,45-54,Male,Organic,Bronze
FC00756,2025-03-29,Mumbai,45-54,Male,Marketplace,Silver
FC00757,2023-12-06,Hyderabad,55+,Prefer not to say,Organic,Bronze
FC00758,2024-09-22,Kolkata,35-44,Female,Organic,Gold
FC00759,2023-06-01,Hyderabad,45-54,Female,Marketplace,Gold
FC00760,2024-01-20,Kolkata,45-54,Female,Instagram,Silver
FC00761,2023-05-22,Bengaluru,45-54,Male,Marketplace,Gold
FC00762,2024-05-03,Kolkata,45-54,Prefer not to say,Referral,Bronze
FC00763,2025-04-07,Chennai,18-24,Male,Google Ads,Silver
FC00764,2025-12-03,Hyderabad,18-24,Prefer not to say,Google Ads,Bronze
FC00765,2024-04-15,Delhi,25-34,Female,Organic,Silver
FC00766,2025-11-29,Bengaluru,18-24,Female,Organic,Silver
FC00767,2024-12-05,Noida,45-54,Male,Organic,Bronze
FC00768,2024-12-21,Jaipur,55+,Female,Organic,Bronze
FC00769,2025-03-10,Jaipur,25-34,Female,Marketplace,Bronze
FC00770,2023-01-19,Pune,25-34,Female,Google Ads,Silver
FC00771,2024-07-23,Pune,45-54,Male,Marketplace,Gold
FC00772,2025-06-05,Pune,18-24,Female,Marketplace,Bronze
FC00773,2023-05-23,Gurugram,18-24,Female,Google Ads,Bronze
FC00774,2023-07-24,Noida,45-54,Female,Referral,Gold
FC00775,2023-06-17,Hyderabad,55+,Prefer not to say,Marketplace,Bronze
FC00776,2023-03-02,Pune,45-54,Female,Referral,Bronze
FC00777,2025-05-05,Bengaluru,35-44,Prefer not to say,Instagram,Gold
FC00778,2025-03-04,Mumbai,35-44,Male,Marketplace,Gold
FC00779,2026-02-09,Mumbai,25-34,Prefer not to say,Instagram,Gold
FC00780,2023-07-30,Noida,18-24,Male,Instagram,Silver
FC00781,2024-10-13,Gurugram,18-24,Male,Instagram,Bronze
FC00782,2023-05-29,Mumbai,45-54,Prefer not to say,Organic,Silver
FC00783,2025-08-21,Gurugram,45-54,Female,Referral,Silver
FC00784,2025-06-30,Delhi,18-24,Prefer not to say,Referral,Bronze
FC00785,2023-03-12,Noida,18-24,Male,Referral,Gold
FC00786,2025-11-08,Mumbai,25-34,Male,Google Ads,Bronze
FC00787,2024-09-28,Gurugram,25-34,Female,Instagram,Bronze
FC00788,2025-11-24,Bengaluru,45-54,Female,Referral,Bronze
FC00789,2026-05-29,Jaipur,35-44,Prefer not to say,Google Ads,Silver
FC00790,2024-07-05,Jaipur,25-34,Female,Instagram,Silver
FC00791,2024-11-01,Mumbai,25-34,Female,Instagram,Silver
FC00792,2026-01-16,Kolkata,25-34,Male,Instagram,Gold
FC00793,2026-06-20,Hyderabad,45-54,Male,Google Ads,Gold
FC00794,2023-06-09,Gurugram,55+,Female,Referral,Bronze
FC00795,2025-09-11,Pune,45-54,Male,Marketplace,Silver
FC00796,2024-04-05,Bengaluru,35-44,Prefer not to say,Referral,Bronze
FC00797,2026-07-14,Delhi,45-54,Female,Organic,Gold
FC00798,2024-02-16,Kolkata,25-34,Female,Instagram,Bronze
FC00799,2026-05-28,Mumbai,25-34,Prefer not to say,Instagram,Bronze
FC00800,2025-09-13,Chennai,35-44,Male,Instagram,Gold
