"month","total_sales"
"2024-07-01 00:00:00+05:30","1579059.38"
"2024-08-01 00:00:00+05:30","1434316.95"
"2024-09-01 00:00:00+05:30","1328932.53"
"2024-10-01 00:00:00+05:30","1476659.63"
"2024-11-01 00:00:00+05:30","1475470.31"
"2024-12-01 00:00:00+05:30","1676807.72"
"2025-01-01 00:00:00+05:30","1459070.49"
"2025-02-01 00:00:00+05:30","1858066.74"
"2025-03-01 00:00:00+05:30","1543131.95"
"2025-04-01 00:00:00+05:30","1698562.28"
"2025-05-01 00:00:00+05:30","1531624.08"
"2025-06-01 00:00:00+05:30","1595108.56"
"2025-07-01 00:00:00+05:30","1219918.74"
"2025-08-01 00:00:00+05:30","1915391.60"
"2025-09-01 00:00:00+05:30","1816662.70"
"2025-10-01 00:00:00+05:30","1400225.32"
"2025-11-01 00:00:00+05:30","1039707.05"
"2025-12-01 00:00:00+05:30","1401235.98"
"2026-01-01 00:00:00+05:30","1565057.33"
"2026-02-01 00:00:00+05:30","1456747.17"
"2026-03-01 00:00:00+05:30","1937895.73"
"2026-04-01 00:00:00+05:30","1583638.22"
"2026-05-01 00:00:00+05:30","1676624.09"
"2026-06-01 00:00:00+05:30","1218315.64"
"2026-07-01 00:00:00+05:30","1232303.57"
"2026-08-01 00:00:00+05:30","1399177.55"
